{
  "benchmark": "gaia2",
  "n_train": 25,
  "n_test": 25,
  "results": {
    "A_baseline": {
      "avg_score": 0.4159756097560976,
      "n": 25
    },
    "B_raw": {
      "avg_score": 0.38619129603060737,
      "n": 25
    },
    "C_refined": {
      "avg_score": 0.45136449864498646,
      "n": 25
    }
  },
  "delta_refined_vs_baseline": 0.03538888888888886,
  "delta_refined_vs_raw": 0.06517320261437909
}