{
  "benchmark": "gaia",
  "n_train": 25,
  "n_test": 25,
  "results": {
    "A_baseline": {
      "avg_score": 0.13184265010351967,
      "n": 25
    },
    "B_raw": {
      "avg_score": 0.16991705069124424,
      "n": 25
    },
    "C_refined": {
      "avg_score": 0.13625009137204258,
      "n": 25
    }
  },
  "delta_refined_vs_baseline": 0.00440744126852291,
  "delta_refined_vs_raw": -0.03366695931920166
}