{
  "benchmark": "gaia2",
  "model": "hy3-preview-ioa",
  "groups_rerun": [
    "A",
    "B",
    "C"
  ],
  "scores": {
    "A_baseline": 0.12519240019240022,
    "B_evoarena": 0.16705747955747957,
    "C_skillforge": 0.18169913419913417
  },
  "trace_count": 90
}