{
  "benchmark": "gaia",
  "model": "deepseek-v4-pro",
  "metric": "EM",
  "n_test": 30,
  "design": [
    "evoarena_evomem_within_task_patch_memory",
    "failure_aware_attention_routing",
    "cross_agent_critic_gating",
    "exact_match_metrics"
  ],
  "results": {
    "A_baseline": {
      "avg_score": 0.5666666666666667,
      "em": 0.5333333333333333,
      "n": 30
    },
    "B_evoarena": {
      "avg_score": 0.6333333333333333,
      "em": 0.5666666666666667,
      "n": 30
    },
    "C_skillforge": {
      "avg_score": 0.6333333333333333,
      "em": 0.5,
      "n": 30
    }
  },
  "delta_skillforge_vs_baseline": -0.033333333333333326,
  "delta_skillforge_vs_evoarena": -0.06666666666666665,
  "per_level": {
    "1": {
      "A_baseline": {
        "score": 0.8333333333333334,
        "n": 6
      },
      "B_evoarena": {
        "score": 0.8333333333333334,
        "n": 6
      },
      "C_skillforge": {
        "score": 0.6666666666666666,
        "n": 6
      }
    },
    "2": {
      "A_baseline": {
        "score": 0.4090909090909091,
        "n": 22
      },
      "B_evoarena": {
        "score": 0.45454545454545453,
        "n": 22
      },
      "C_skillforge": {
        "score": 0.45454545454545453,
        "n": 22
      }
    },
    "3": {
      "A_baseline": {
        "score": 1.0,
        "n": 2
      },
      "B_evoarena": {
        "score": 1.0,
        "n": 2
      },
      "C_skillforge": {
        "score": 0.5,
        "n": 2
      }
    }
  }
}