{
  "benchmark": "locomo",
  "n_train": 25,
  "n_test": 25,
  "results": {
    "A_baseline": {
      "avg_score": 0.07083364589180985,
      "n": 25
    },
    "B_raw": {
      "avg_score": 0.06754125632426689,
      "n": 25
    },
    "C_refined": {
      "avg_score": 0.06910391707030318,
      "n": 25
    }
  },
  "delta_refined_vs_baseline": -0.001729728821506668,
  "delta_refined_vs_raw": 0.0015626607460362957
}