{
  "gaia2": {
    "benchmark": "gaia2",
    "n_train": 25,
    "n_test": 25,
    "results": {
      "A_baseline": {
        "avg_score": 0.4159756097560976,
        "n": 25
      },
      "B_raw": {
        "avg_score": 0.38619129603060737,
        "n": 25
      },
      "C_refined": {
        "avg_score": 0.45136449864498646,
        "n": 25
      }
    },
    "delta_refined_vs_baseline": 0.03538888888888886,
    "delta_refined_vs_raw": 0.06517320261437909
  },
  "locomo": {
    "benchmark": "locomo",
    "n_train": 25,
    "n_test": 25,
    "results": {
      "A_baseline": {
        "avg_score": 0.07386285849854352,
        "n": 25
      },
      "B_raw": {
        "avg_score": 0.07068690320481365,
        "n": 25
      },
      "C_refined": {
        "avg_score": 0.06786166920751471,
        "n": 25
      }
    },
    "delta_refined_vs_baseline": -0.006001189291028802,
    "delta_refined_vs_raw": -0.0028252339972989343
  },
  "gaia": {
    "benchmark": "gaia",
    "n_train": 25,
    "n_test": 25,
    "results": {
      "A_baseline": {
        "avg_score": 0.17951199704688076,
        "n": 25
      },
      "B_raw": {
        "avg_score": 0.1845717742632443,
        "n": 25
      },
      "C_refined": {
        "avg_score": 0.04,
        "n": 25
      }
    },
    "delta_refined_vs_baseline": -0.13951199704688075,
    "delta_refined_vs_raw": -0.1445717742632443
  },
  "alfworld": {
    "benchmark": "alfworld",
    "n_train": 20,
    "n_test": 20,
    "results": {
      "A_baseline": {
        "avg_score": 0.0,
        "n": 20
      },
      "B_raw": {
        "avg_score": 0.0,
        "n": 20
      },
      "C_refined": {
        "avg_score": 0.0,
        "n": 20
      }
    },
    "delta_refined_vs_baseline": 0.0,
    "delta_refined_vs_raw": 0.0
  }
}