{
  "alfworld": {
    "benchmark": "alfworld",
    "n_train": 20,
    "n_test": 20,
    "results": {
      "A_baseline": {
        "avg_score": 0.7797738095238096,
        "n": 20
      },
      "B_raw": {
        "avg_score": 0.7956071428571428,
        "n": 20
      },
      "C_refined": {
        "avg_score": 0.7811428571428571,
        "n": 20
      }
    },
    "delta_refined_vs_baseline": 0.0013690476190475476,
    "delta_refined_vs_raw": -0.014464285714285707
  }
}