{
  "benchmark": "terminal_bench_2",
  "model": "hy3-preview-ioa",
  "groups_rerun": [
    "A",
    "B",
    "C"
  ],
  "scores": {
    "A_baseline": 0.05555555555555556,
    "B_evoarena": 0.05555555555555556,
    "C_skillforge": 0.08888888888888889
  },
  "trace_count": 90
}