{
  "configs": [
    [
      42,
      3
    ],
    [
      42,
      5
    ],
    [
      42,
      10
    ],
    [
      123,
      3
    ],
    [
      123,
      5
    ],
    [
      123,
      10
    ],
    [
      456,
      3
    ],
    [
      456,
      5
    ],
    [
      456,
      10
    ],
    [
      789,
      3
    ],
    [
      789,
      5
    ],
    [
      789,
      10
    ],
    [
      2024,
      3
    ],
    [
      2024,
      5
    ],
    [
      2024,
      10
    ]
  ],
  "agg_full_mean": 0.8301024683377628,
  "agg_full_std": 0.23465338912874237,
  "agg_excl_locomo_mean": 2.3072388214545083,
  "agg_excl_locomo_std": 0.26620224610868726,
  "agg_excl_locomo_min": 1.5206193588546568,
  "agg_excl_locomo_max": 2.5556722689075624,
  "per_bench_oracle_deltas": {
    "hotpotqa": [
      0.019607843137259273,
      0.0,
      0.0,
      0.14215686274511308,
      0.0,
      0.0,
      0.2647058823529447,
      0.0,
      0.0,
      -0.10294117647059453,
      0.0,
      0.0,
      0.14215686274509087,
      0.0,
      0.0
    ],
    "2wikimultihopqa": [
      6.053921568627452,
      6.000000000000005,
      6.000000000000005,
      5.808823529411766,
      6.000000000000005,
      5.999999999999995,
      6.176470588235294,
      6.000000000000005,
      5.999999999999995,
      6.42156862745098,
      5.999999999999995,
      6.000000000000005,
      5.931372549019609,
      5.999999999999995,
      6.000000000000005
    ],
    "musique": [
      2.11764705882353,
      5.551115123125783e-15,
      2.000000000000007,
      0.15686274509804088,
      1.9999999999999962,
      2.000000000000007,
      1.995098039215687,
      1.9999999999999962,
      2.000000000000007,
      0.2794117647058836,
      2.000000000000007,
      5.551115123125783e-15,
      2.11764705882353,
      2.000000000000007,
      2.000000000000007
    ],
    "triviaqa": [
      1.1102230246251565e-14,
      0.0,
      0.0,
      1.1102230246251565e-14,
      0.0,
      0.0,
      1.1102230246251565e-14,
      0.0,
      0.0,
      1.1102230246251565e-14,
      0.0,
      0.0,
      -1.1102230246251565e-14,
      0.0,
      0.0
    ],
    "gsm8k": [
      6.666666666666654,
      6.666666666666665,
      6.666666666666665,
      3.3333333333333326,
      6.666666666666665,
      6.666666666666665,
      3.3333333333333326,
      6.666666666666665,
      6.666666666666665,
      6.666666666666654,
      6.666666666666665,
      6.666666666666665,
      6.666666666666654,
      6.666666666666665,
      6.666666666666665
    ],
    "longmemeval": [
      0.47619047619046895,
      0.0,
      0.0,
      -0.3174603174603219,
      0.0,
      0.0,
      0.47619047619046895,
      0.0,
      0.0,
      -0.3174603174603219,
      0.0,
      0.0,
      0.47619047619046895,
      0.0,
      0.0
    ],
    "locomo": [
      -8.191445809092867,
      -7.953350570997629,
      -7.953350570997629,
      -8.191445809092867,
      -7.953350570997629,
      -7.953350570997629,
      -8.191445809092867,
      -7.953350570997629,
      -7.953350570997629,
      -8.191445809092867,
      -7.953350570997629,
      -7.953350570997629,
      -8.191445809092867,
      -7.953350570997629,
      -7.953350570997629
    ]
  },
  "per_bench_best_q_choices": {
    "hotpotqa": [
      0.1,
      0.1,
      0.1,
      0.1,
      0.1,
      0.1,
      0.1,
      0.1,
      0.1,
      0.1,
      0.1,
      0.1,
      0.1,
      0.1,
      0.1
    ],
    "2wikimultihopqa": [
      0.4,
      0.6,
      0.5,
      0.6,
      0.6,
      0.5,
      0.5,
      0.6,
      0.6,
      0.5,
      0.5,
      0.5,
      0.5,
      0.5,
      0.6
    ],
    "musique": [
      0.4,
      0.4,
      0.4,
      0.5,
      0.4,
      0.6,
      0.4,
      0.4,
      0.4,
      0.4,
      0.4,
      0.4,
      0.6,
      0.5,
      0.4
    ],
    "triviaqa": [
      0.25,
      0.2,
      0.2,
      0.3,
      0.25,
      0.25,
      0.25,
      0.3,
      0.25,
      0.25,
      0.25,
      0.25,
      0.2,
      0.2,
      0.2
    ],
    "gsm8k": [
      0.1,
      0.1,
      0.1,
      0.1,
      0.1,
      0.1,
      0.1,
      0.1,
      0.1,
      0.1,
      0.1,
      0.1,
      0.1,
      0.1,
      0.1
    ],
    "longmemeval": [
      0.6,
      0.6,
      0.6,
      0.6,
      0.7,
      0.6,
      0.5,
      0.5,
      0.5,
      0.5,
      0.6,
      0.5,
      0.6,
      0.5,
      0.5
    ],
    "locomo": [
      0.1,
      0.1,
      0.1,
      0.1,
      0.1,
      0.1,
      0.1,
      0.1,
      0.1,
      0.1,
      0.1,
      0.1,
      0.1,
      0.1,
      0.1
    ]
  },
  "global_q_star_distribution": {
    "0.4": 3,
    "0.6": 7,
    "0.5": 5
  }
}