{
  "best_per_benchmark": {
    "hotpotqa": {
      "tau_best": [
        0.0,
        0.74
      ],
      "lambda_top1_expected_best": [
        0.0,
        0.74
      ],
      "lambda_top1_bernoulli_best": [
        0.0,
        0.74
      ],
      "lambda_temp_expected_best": [
        0.0,
        0.74
      ]
    },
    "2wikimultihopqa": {
      "tau_best": [
        0.3,
        0.66
      ],
      "lambda_top1_expected_best": [
        0.08,
        0.6014442356396645
      ],
      "lambda_top1_bernoulli_best": [
        0.1,
        0.6022
      ],
      "lambda_temp_expected_best": [
        0.2,
        0.6122563630172724
      ]
    },
    "musique": {
      "tau_best": [
        0.45,
        0.46
      ],
      "lambda_top1_expected_best": [
        2.0,
        0.44946949028526717
      ],
      "lambda_top1_bernoulli_best": [
        2.0,
        0.4499000000000001
      ],
      "lambda_temp_expected_best": [
        2.0,
        0.4599999958921358
      ]
    },
    "triviaqa": {
      "tau_best": [
        0.3,
        0.8
      ],
      "lambda_top1_expected_best": [
        0.3,
        0.7691402856376676
      ],
      "lambda_top1_bernoulli_best": [
        0.2,
        0.77
      ],
      "lambda_temp_expected_best": [
        0.3,
        0.7739711814221091
      ]
    },
    "gsm8k": {
      "tau_best": [
        0.35,
        0.7
      ],
      "lambda_top1_expected_best": [
        0.0,
        0.6666666666664491
      ],
      "lambda_top1_bernoulli_best": [
        0.0,
        0.6666666666666665
      ],
      "lambda_temp_expected_best": [
        0.0,
        0.665800879919127
      ]
    },
    "longmemeval": {
      "tau_best": [
        0.5,
        0.4
      ],
      "lambda_top1_expected_best": [
        2.0,
        0.38155950849653164
      ],
      "lambda_top1_bernoulli_best": [
        2.0,
        0.382
      ],
      "lambda_temp_expected_best": [
        2.0,
        0.3999999807092989
      ]
    },
    "locomo": {
      "tau_best": [
        0.0,
        0.05
      ],
      "lambda_top1_expected_best": [
        0.0,
        0.05
      ],
      "lambda_top1_bernoulli_best": [
        0.0,
        0.05
      ],
      "lambda_temp_expected_best": [
        0.0,
        0.05
      ]
    }
  },
  "global_best": {
    "tau": [
      0.3,
      0.5195238095238095
    ],
    "lambda_top1_expected": [
      2.0,
      0.5085387619973877
    ],
    "lambda_top1_bernoulli": [
      1.5,
      0.5092785714285715
    ],
    "lambda_temp_expected": [
      0.4,
      0.5096171822265367
    ]
  },
  "lobo_avg_delta_pp": {
    "tau": -4.27905008157109,
    "l1e": -3.8799049727405466,
    "l1b": -3.630240557761568,
    "lte": -4.117547829455822
  },
  "lobo_per_benchmark_delta": {
    "tau": [
      0.0,
      -0.020000000000000018,
      0.0,
      -0.033333333333333326,
      -0.06666666666666665,
      -0.10000000000000003,
      -0.07953350570997629
    ],
    "l1e": [
      0.0,
      -0.014161323680701443,
      -0.028151107077041104,
      -0.032211752891682655,
      -0.048217921561034216,
      -0.06931773717140255,
      -0.07953350570997629
    ],
    "l1b": [
      0.0,
      -0.0131,
      -0.013399999999999967,
      -0.033333333333333326,
      -0.045500000000000096,
      -0.06925000000000009,
      -0.07953350570997629
    ],
    "lte": [
      0.0,
      -0.019999996263885933,
      -0.006741544262787946,
      -0.033333332038986696,
      -0.06666664904540243,
      -0.08195332074086825,
      -0.07953350570997629
    ]
  }
}