{
  "baseline_untrained": {
    "epoch": 0,
    "training": false,
    "avg_em": 0.42857142857142855,
    "avg_f1": 0.3979591836734694,
    "avg_reward": 0.41326530612244905,
    "ppo_stats": {},
    "num_tasks": 7
  },
  "trained": {
    "epoch": 4,
    "training": false,
    "avg_em": 0.42857142857142855,
    "avg_f1": 0.3979591836734694,
    "avg_reward": 0.41326530612244905,
    "ppo_stats": {},
    "num_tasks": 7
  },
  "random_ablation": {
    "avg_em": 0.42857142857142855,
    "avg_f1": 0.44387755102040816
  },
  "noskill_ablation": {
    "avg_em": 0.7142857142857143,
    "avg_f1": 0.43643097892514543
  },
  "training_history": [
    {
      "epoch": 1,
      "training": true,
      "avg_em": 0.9,
      "avg_f1": 0.5666666666666667,
      "avg_reward": 0.7333333333333333,
      "ppo_stats": {
        "policy_loss": -0.6443588729953471,
        "value_loss": 0.4200798819069801,
        "entropy": 2.0788199232780484,
        "num_transitions": 10
      },
      "num_tasks": 10
    },
    {
      "epoch": 2,
      "training": true,
      "avg_em": 0.6,
      "avg_f1": 0.3546218487394958,
      "avg_reward": 0.47731092436974787,
      "ppo_stats": {
        "policy_loss": -0.39954994198382165,
        "value_loss": 0.1642049248344288,
        "entropy": 2.078819923820542,
        "num_transitions": 10
      },
      "num_tasks": 10
    },
    {
      "epoch": 3,
      "training": true,
      "avg_em": 0.7,
      "avg_f1": 0.4714285714285714,
      "avg_reward": 0.5857142857142857,
      "ppo_stats": {
        "policy_loss": -0.5032093694945734,
        "value_loss": 0.257906212360537,
        "entropy": 2.0788198554491784,
        "num_transitions": 10
      },
      "num_tasks": 10
    }
  ],
  "controller_config": {
    "embedding_dim": 384,
    "hidden_dim": 256,
    "top_k": 3,
    "tau_0": 0.3,
    "t_explore": 50,
    "clip_epsilon": 0.2,
    "gamma": 0.99,
    "entropy_coeff": 0.01,
    "value_coeff": 0.5,
    "learning_rate": 0.0003
  },
  "num_skills": 8,
  "embedding_dim": 384,
  "elapsed_seconds": 272.33190059661865,
  "total_tokens": 243906,
  "timestamp": "2026-05-13 19:47:15"
}