{
  "baseline_untrained": {
    "epoch": 0,
    "training": false,
    "avg_em": 0.2857142857142857,
    "avg_f1": 0.25510204081632654,
    "avg_reward": 0.2704081632653061,
    "ppo_stats": {},
    "num_tasks": 7
  },
  "trained": {
    "epoch": 4,
    "training": false,
    "avg_em": 0.5714285714285714,
    "avg_f1": 0.5408163265306122,
    "avg_reward": 0.5561224489795918,
    "ppo_stats": {},
    "num_tasks": 7
  },
  "random_ablation": {
    "avg_em": 0.42857142857142855,
    "avg_f1": 0.4795918367346939
  },
  "noskill_ablation": {
    "avg_em": 0.7142857142857143,
    "avg_f1": 0.37945578231292515
  },
  "training_history": [
    {
      "epoch": 1,
      "training": true,
      "avg_em": 0.8,
      "avg_f1": 0.5428571428571428,
      "avg_reward": 0.6714285714285715,
      "ppo_stats": {
        "policy_loss": -0.5987866345001517,
        "value_loss": 0.3627669346543029,
        "entropy": 2.079095386810983,
        "num_transitions": 10
      },
      "num_tasks": 10
    },
    {
      "epoch": 2,
      "training": true,
      "avg_em": 0.7,
      "avg_f1": 0.5,
      "avg_reward": 0.6,
      "ppo_stats": {
        "policy_loss": -0.5305025482225578,
        "value_loss": 0.285501184672745,
        "entropy": 2.0790953731720205,
        "num_transitions": 10
      },
      "num_tasks": 10
    },
    {
      "epoch": 3,
      "training": true,
      "avg_em": 0.9,
      "avg_f1": 0.5785714285714285,
      "avg_reward": 0.7392857142857143,
      "ppo_stats": {
        "policy_loss": -0.6636850523389152,
        "value_loss": 0.4448351305623568,
        "entropy": 2.079095298646589,
        "num_transitions": 10
      },
      "num_tasks": 10
    }
  ],
  "controller_config": {
    "embedding_dim": 384,
    "hidden_dim": 256,
    "top_k": 3,
    "tau_0": 0.3,
    "t_explore": 50,
    "clip_epsilon": 0.2,
    "gamma": 0.99,
    "entropy_coeff": 0.01,
    "value_coeff": 0.5,
    "learning_rate": 0.0003
  },
  "num_skills": 8,
  "embedding_dim": 384,
  "elapsed_seconds": 282.9050350189209,
  "total_tokens": 246192,
  "timestamp": "2026-05-13 20:01:33"
}